<?xml version="1.0" encoding="UTF-8" standalone="yes"?>
<manifest>
  <control namespace="colorfield" constructor="pcfcolorfield" version="0.0.3" display-name-key="pcfcolorfield" description-key="Control that allow you change the font color and/or background color from a field inside form" control-type="standard" preview-image="img/pcfcolorfieldpreview.png" api-version="1.2.3">
    <type-group name="strings">
      <type>SingleLine.Text</type>
      <type>SingleLine.Email</type>
      <type>SingleLine.Phone</type>
      <type>SingleLine.TextArea</type>
      <type>SingleLine.Ticker</type>
      <type>SingleLine.URL</type>
      <type>Multiple</type>
    </type-group>
    <type-group name="numbers">
      <type>Whole.None</type>
      <type>Currency</type>
      <type>FP</type>
      <type>Decimal</type>
    </type-group>
    <property name="value" display-name-key="Field to Highlight" description-key="Field to Highlight" of-type-group="numbers" usage="bound" required="true"/>
    <property name="decimalPrecision" display-name-key="Decimal Precision" description-key="Decimal Precision (Default 0)" of-type="Enum" usage="input" required="true" default-value="0">
      <value name="zero" display-name-key="0" description-key="Whole Number">0</value>
      <value name="one" display-name-key="1" description-key="One Decimal Precision: 1.0">1</value>
      <value name="two" display-name-key="2" description-key="Two Decimal Precision: 1.00">2</value>
      <value name="three" display-name-key="3" description-key="Three Decimal Precision: 1.000">3</value>
      <value name="four" display-name-key="4" description-key="Four Decimal Precision: 1.0000">4</value>
    </property>
    <property name="maxValue" display-name-key="Max Value" description-key="Max Value to Compare" of-type-group="numbers" usage="input" required="false"/>
    <property name="minValue" display-name-key="Min Value" description-key="Min Value to Compare" of-type-group="numbers" usage="input" required="false"/>
    <property name="color" display-name-key="Color" description-key="Color Name in English or Hexadecimal Code" of-type="SingleLine.Text" usage="input" required="false"/>
    <property name="backgroundColor" display-name-key="Background Color" description-key="Color Name in English or Hexadecimal Code" of-type="SingleLine.Text" usage="input" required="false"/>
    <property name="Settings" display-name-key="Settings" description-key="Configure which value needed to be checked" of-type="Enum" usage="input" required="true" default-value="0">
      <value name="Between" display-name-key="Between" description-key="Change the color if value field &lt;= Max and >= Min">0</value>
      <value name="Not Between" display-name-key="Not Between" description-key="Change the color if value field >= Max or &lt;= Min">1</value>
      <value name="Max Value" display-name-key="Max Value" description-key="Change the color if value >= Max (Ignoring Min Value)">2</value>
      <value name="Min Value" display-name-key="Min Value" description-key="Change the color if value &lt;=  Min (Ignoring Max Value)">3</value>
    </property>
    <resources>
      <code path="bundle.js" order="1"/>
      <css path="css/pcfcolorclass.css" order="1"/>
    </resources>
    <built-by name="pac" version="1.5.3"/>
  </control>
</manifest>